product_name,vendor_id,total_orders,revenue_loss,avg_quantity
Formal Shirt,104,381,763946.93,2.958005249343832
Hoodie,154,282,713314.04,2.9432624113475176
Laptop,67,241,657157.14,2.975103734439834
Lego City Kit,17,254,647782.74,2.952755905511811
Wireless Headphones,124,253,630654.2,3.0434782608695654
Organic Honey,15,267,621905.79,3.097378277153558
Power Bank,27,228,619899.28,3.013157894736842
Drawing Kit,47,276,614940.07,2.9818840579710146
Almond Butter,145,265,604914.64,2.943396226415094
Wooden Coffee Table,187,246,603037.41,2.902439024390244
Action Figure,158,253,599584.38,3.0434782608695654
Plush Dinosaur,152,262,597748.1,2.9732824427480917
Remote Control Car,51,267,570156.62,3.0861423220973783
Tablet,33,256,545420.26,3.125
Almond Butter,171,250,508101.22000000003,2.88
Slim Fit Jeans,19,254,507587.67,2.8976377952755907
Wool Sweater,59,283,506073.12,3.010600706713781
Dart Gun,116,227,502877.3,2.9691629955947136
Power Bank,14,260,501403.95,2.980769230769231
Nightstand,44,274,499904.8,3.0145985401459856
Wooden Coffee Table,157,234,480434.56,3.0085470085470085
Leather Jacket,146,255,465998.32,3.1921568627450982
Protein Shake,190,258,465178.88,2.89922480620155
Denim Shorts,116,270,451674.64,2.988888888888889
Smartwatch,28,155,444635.37,3.0129032258064514
Puzzle Board,54,251,443384.75,3.0717131474103585
Lego City Kit,114,141,442996.2,3.3120567375886525
Smartphone,48,142,442451.0,3.23943661971831
Organic Honey,56,142,440902.98,3.1056338028169015
Action Figure,101,223,435193.22,3.062780269058296
Smartwatch,39,240,432181.32,2.95
Gaming Console,140,137,427349.35,3.1605839416058394
Instant Noodles,174,260,427036.43,2.8807692307692307
Slim Fit Jeans,144,151,419443.52999999997,2.986754966887417
Action Figure,120,155,415716.0,3.2580645161290325
Drawing Kit,50,136,414894.18,3.1323529411764706
Slim Fit Jeans,65,139,412948.8,3.1079136690647484
Recliner Sofa,4,149,411107.75,2.9328859060402683
Granola Bar,63,138,410813.6,3.072463768115942
Tablet,169,164,409696.56,2.932926829268293
Building Blocks Set,194,243,408938.39,3.1893004115226335
Recliner Sofa,84,138,408326.8,3.0072463768115942
Organic Honey,40,249,406129.68,2.9919678714859437
Laptop,171,259,403387.56,3.0077220077220077
Lego City Kit,145,142,402303.39,2.964788732394366
Gaming Console,141,149,401211.51999999996,3.1140939597315436
4K Smart TV,120,225,401054.67,3.0
Hoodie,82,156,400035.9,3.08974358974359
Office Chair,119,130,399254.79000000004,3.1307692307692307
Recliner Sofa,108,277,398477.52999999997,3.1444043321299637
Bookshelf,102,140,395234.27999999997,3.0428571428571427
Cotton T-Shirt,23,133,394822.25,2.969924812030075
Puzzle Board,35,130,393448.9,3.1
Action Figure,194,124,393356.88,3.2903225806451615
Fruit Jam,154,141,392967.53,2.971631205673759
Tablet,91,135,392818.86,3.1555555555555554
Smartwatch,82,139,392334.04,2.920863309352518
Smartphone,47,140,389146.32,2.914285714285714
Queen Bed Frame,121,137,387415.35,3.1751824817518246
Dart Gun,185,132,387160.8,2.9545454545454546
Almond Butter,9,134,386368.2,3.156716417910448
Instant Noodles,158,135,386212.89,2.911111111111111
Sports Tracksuit,43,145,385758.35,3.0965517241379312
Sports Tracksuit,53,136,383744.4,3.25
Lego City Kit,9,127,383507.32,3.062992125984252
Gaming Console,50,124,382954.04,3.088709677419355
Drawing Kit,114,136,382030.8,3.0
Sports Tracksuit,86,127,381642.3,3.0708661417322833
Gaming Console,190,128,381458.16,3.0234375
Bookshelf,134,123,381285.66,3.105691056910569
Recliner Sofa,14,125,380156.02,3.208
Dining Set,178,133,378524.0,3.007518796992481
Leather Jacket,99,135,378156.5,3.1481481481481484
Cotton T-Shirt,90,262,378102.19,2.8625954198473282
Gaming Console,39,130,377480.91,3.207692307692308
Denim Shorts,20,128,375989.85,3.0234375
Tablet,139,146,375418.02,3.136986301369863
Office Chair,80,124,374849.76,3.088709677419355
Formal Shirt,95,130,373486.68,2.9307692307692306
Instant Noodles,49,130,373081.84,3.2615384615384615
Protein Shake,146,132,372741.12,2.909090909090909
Slim Fit Jeans,50,125,370376.11,3.016
Smartphone,72,125,369305.18,3.032
Power Bank,167,129,369303.44,2.9147286821705425
Gaming Console,197,123,368725.5,3.105691056910569
Power Bank,106,128,368189.70999999996,3.1015625
Bookshelf,188,122,367695.72,3.098360655737705
Cotton T-Shirt,185,230,366970.54,3.117391304347826
Bookshelf,95,150,366561.96,2.96
Almond Butter,49,127,366434.11,3.062992125984252
Slim Fit Jeans,29,131,365438.2,3.0839694656488548
Formal Shirt,170,249,365259.14,3.0562248995983934
Slim Fit Jeans,177,135,364919.52,2.977777777777778
Remote Control Car,115,128,364853.82999999996,3.0546875
Wool Sweater,112,110,364698.62,3.4
Action Figure,25,131,364586.69,3.122137404580153
Drawing Kit,154,133,364076.64,3.2481203007518795
Slim Fit Jeans,196,250,364019.94,3.06
Slim Fit Jeans,106,133,363697.7,3.1203007518796992
Nightstand,165,133,363655.64999999997,3.2706766917293235
Puzzle Board,114,130,363160.24,2.9846153846153847
Laptop,187,131,361882.45,3.0610687022900764
Almond Butter,42,112,361185.0,3.2410714285714284
Granola Bar,2,145,361117.89,3.0827586206896553
Leather Jacket,119,133,361052.3,3.1503759398496243
Lego City Kit,150,126,360546.12,3.142857142857143
Plush Dinosaur,129,153,359681.5,2.9673202614379086
Denim Shorts,39,237,359535.19,2.949367088607595
Slim Fit Jeans,145,125,359191.2,3.04
Organic Honey,69,124,359053.32,2.9516129032258065
Gaming Console,2,119,358953.95999999996,3.1260504201680672
Building Blocks Set,106,128,358893.13999999996,2.9140625
Nightstand,92,124,358647.87,3.1693548387096775
Slim Fit Jeans,55,251,358622.86,2.904382470119522
Nightstand,20,123,358280.08,2.983739837398374
Wireless Headphones,177,136,355367.83,3.0073529411764706
Fruit Jam,70,135,354662.28,2.8666666666666667
Power Bank,147,247,353066.85000000003,2.9878542510121457
Fruit Jam,92,131,353038.7,3.1297709923664123
Puzzle Board,181,131,352982.83999999997,3.1526717557251906
Slim Fit Jeans,162,122,352564.0,3.1147540983606556
Wooden Coffee Table,50,133,351786.18,3.0225563909774436
Almond Butter,75,226,351681.7,2.9424778761061945
Protein Shake,34,141,351559.52999999997,2.7163120567375887
Remote Control Car,95,129,351000.5,2.868217054263566
Instant Noodles,171,119,350272.25,3.0672268907563027
Granola Bar,15,134,349835.95,2.828358208955224
Sports Tracksuit,28,126,349000.0,3.1746031746031744
Nightstand,130,121,348982.53,3.0826446280991737
Lego City Kit,134,136,348656.0,2.9411764705882355
Gaming Console,116,115,347949.85000000003,3.139130434782609
Wireless Headphones,135,130,347136.18,2.8692307692307693
Leather Jacket,81,138,346951.35000000003,2.9347826086956523
Slim Fit Jeans,47,236,346230.85000000003,3.038135593220339
Granola Bar,192,116,345922.74,3.1810344827586206
Olive Oil,187,136,345351.70999999996,2.9926470588235294
Action Figure,151,263,343347.11,2.931558935361217
Plush Dinosaur,132,121,342949.42000000004,3.190082644628099
Bluetooth Speaker,43,127,340987.5,2.952755905511811
Cotton T-Shirt,32,127,340906.9,2.9133858267716537
Power Bank,128,127,340242.76,2.9448818897637796
Bluetooth Speaker,173,143,340212.4,3.076923076923077
Building Blocks Set,189,143,340153.82,3.013986013986014
Dining Set,62,130,339348.69,2.976923076923077
Dining Set,119,125,339282.6,2.96
Dart Gun,174,123,338713.1,3.040650406504065
Protein Shake,49,126,338277.12,3.0476190476190474
Nightstand,196,142,337769.08,2.943661971830986
Fruit Jam,116,117,337278.76,3.111111111111111
Cotton T-Shirt,93,124,337095.72,2.7580645161290325
Smartwatch,69,250,336624.66,2.848
Action Figure,172,123,335845.35,3.0
Almond Butter,105,119,335382.02,2.9327731092436973
Nightstand,49,120,335288.94,3.05
Hoodie,115,116,335011.95,3.0258620689655173
Fruit Jam,111,250,334756.26,2.924
Hoodie,58,118,334401.64999999997,2.889830508474576
Denim Shorts,145,131,334369.60000000003,2.900763358778626
Wool Sweater,81,251,334159.57,3.151394422310757
Queen Bed Frame,95,113,334128.72,3.079646017699115
Wooden Coffee Table,125,111,332635.2,3.108108108108108
Wool Sweater,102,128,332604.1,2.890625
Smartwatch,136,138,332572.7,3.0072463768115942
Nightstand,25,147,332349.33999999997,2.9863945578231292
Recliner Sofa,21,124,332171.28,3.0483870967741935
4K Smart TV,39,130,332098.75,2.9153846153846152
Action Figure,5,129,332050.95,2.9844961240310077
Queen Bed Frame,195,122,331894.68,3.0491803278688523
Wireless Headphones,125,132,331884.06,3.007575757575758
Queen Bed Frame,175,125,331504.16000000003,3.008
Dart Gun,51,142,331502.0,2.9225352112676055
Nightstand,96,122,330990.0,3.0737704918032787
Drawing Kit,77,119,330737.68,3.042016806722689
Protein Shake,110,114,330689.4,3.026315789473684
Bluetooth Speaker,75,127,330466.4,2.9448818897637796
Granola Bar,82,132,330337.48000000004,2.984848484848485
Office Chair,139,123,329923.04,2.991869918699187
Laptop,105,133,329842.14,3.075187969924812
Dining Set,108,125,329452.0,2.944
Gaming Console,199,133,328989.69,2.8646616541353382
Almond Butter,184,116,328540.64,2.9655172413793105
Laptop,200,124,328498.2,3.0725806451612905
Leather Jacket,52,137,328117.66,3.0802919708029197
Puzzle Board,198,127,328083.12,3.047244094488189
Fruit Jam,181,121,327648.76,2.958677685950413
Formal Shirt,171,129,327401.6,3.131782945736434
Remote Control Car,39,125,326706.87,3.352
Wireless Headphones,145,111,326011.58,3.1171171171171173
Lego City Kit,123,117,325970.57999999996,3.128205128205128
Formal Shirt,63,147,325744.54,2.8639455782312924
Remote Control Car,182,122,325675.8,3.0081967213114753
Recliner Sofa,78,133,322942.9,3.2330827067669174
Instant Noodles,123,124,321895.7,2.8870967741935485
Queen Bed Frame,105,142,321179.76,3.0140845070422535
Plush Dinosaur,156,126,320642.7,2.8412698412698414
Wooden Coffee Table,145,140,319204.44,2.8857142857142857
Slim Fit Jeans,95,123,317413.62,2.7804878048780486
Laptop,128,118,317347.2,3.0508474576271185
Cotton T-Shirt,79,136,316479.0,2.735294117647059
Recliner Sofa,190,138,316377.6,3.101449275362319
Fruit Jam,148,130,316090.35,3.1153846153846154
Remote Control Car,56,129,315303.75,2.9069767441860463
Wool Sweater,98,118,315173.16,2.940677966101695
Laptop,97,107,314880.58,3.0093457943925235
Granola Bar,14,117,314859.38,3.1965811965811968
Dining Set,52,114,314531.82,2.9210526315789473
Dining Set,114,113,314453.31,2.9292035398230087
Bluetooth Speaker,121,133,314258.34,2.962406015037594
Puzzle Board,4,117,313972.24,2.9401709401709404
Lego City Kit,131,114,313841.5,3.0701754385964914
Queen Bed Frame,97,108,313822.76,2.925925925925926
Slim Fit Jeans,126,131,313713.54,2.885496183206107
Recliner Sofa,28,122,313229.28,2.9836065573770494
Organic Honey,64,116,312459.7,3.0086206896551726
Organic Honey,2,113,312411.3,3.0530973451327434
Wool Sweater,183,134,312160.6,2.9477611940298507
Organic Honey,96,135,312134.25,2.8222222222222224
Queen Bed Frame,136,120,312040.68,3.091666666666667
Gaming Console,170,115,311606.6,2.9565217391304346
Gaming Console,15,124,310937.08,2.9596774193548385
Power Bank,141,131,310287.6,2.9923664122137406
Action Figure,104,122,310229.52999999997,3.0901639344262297
Fruit Jam,59,119,310096.8,3.0252100840336134
Instant Noodles,122,120,310081.86,3.025
Remote Control Car,71,109,309968.26,3.036697247706422
Remote Control Car,17,142,309936.69,2.7253521126760565
Leather Jacket,69,141,309855.6,2.893617021276596
Wireless Headphones,126,131,308666.24,2.717557251908397
Office Chair,180,125,308558.97,3.096
Wooden Coffee Table,83,105,307967.1,3.0285714285714285
Puzzle Board,152,128,307706.12,3.078125
Olive Oil,181,135,307241.43,3.088888888888889
Protein Shake,159,141,306415.25,2.9432624113475176
Laptop,60,128,305527.6,2.96875
Action Figure,106,107,305452.8,2.9906542056074765
Queen Bed Frame,42,136,305377.18,3.2279411764705883
Nightstand,190,111,304033.51,3.234234234234234
Granola Bar,170,110,303689.19,3.0090909090909093
Organic Honey,110,119,303472.98,3.100840336134454
4K Smart TV,38,132,302227.2,3.0681818181818183
4K Smart TV,144,117,301886.82,2.923076923076923
Recliner Sofa,60,115,301743.14,3.008695652173913
4K Smart TV,97,121,300862.96,3.206611570247934
Recliner Sofa,71,132,300315.60000000003,3.053030303030303
Wooden Coffee Table,82,127,300253.96,3.0393700787401574
Dining Set,199,121,298796.19,3.0
Granola Bar,134,113,298548.76,2.9292035398230087
Action Figure,85,124,298317.94,3.0080645161290325
Office Chair,164,114,298183.5,3.026315789473684
Plush Dinosaur,49,119,297844.68,2.7478991596638656
Cotton T-Shirt,13,112,296799.08,2.982142857142857
Organic Honey,148,119,296441.52999999997,2.865546218487395
Sports Tracksuit,5,121,295899.83999999997,3.1487603305785123
Denim Shorts,38,142,295843.5,3.1690140845070425
Queen Bed Frame,102,121,293769.52,3.090909090909091
Dart Gun,20,128,293761.28,2.9375
Bluetooth Speaker,124,122,293104.5,3.19672131147541
Wireless Headphones,164,132,292422.0,2.9545454545454546
Laptop,165,130,292227.6,2.923076923076923
Tablet,28,140,291404.52,2.8285714285714287
Bluetooth Speaker,199,139,290944.61,3.2446043165467624
Action Figure,128,130,290925.36,3.046153846153846
Nightstand,13,134,290216.25,2.798507462686567
Lego City Kit,97,126,290069.12,2.7936507936507935
Nightstand,57,256,289962.84,3.015625
Remote Control Car,183,128,289802.35,2.9609375
Denim Shorts,28,114,289527.0,2.982456140350877
Drawing Kit,30,124,289398.63,3.088709677419355
Wool Sweater,129,120,289343.39999999997,3.1666666666666665
Protein Shake,162,121,289267.2,2.975206611570248
Plush Dinosaur,96,132,288543.33,2.9318181818181817
Building Blocks Set,30,126,288326.56,3.0634920634920637
Wool Sweater,153,110,288123.3,2.8181818181818183
Instant Noodles,173,113,288111.86,3.1769911504424777
Remote Control Car,15,119,287418.44,3.1848739495798317
Gaming Console,63,118,287270.64,3.016949152542373
Smartphone,113,118,287197.02,2.889830508474576
Nightstand,176,150,287029.44,3.1866666666666665
Wooden Coffee Table,172,145,286426.9,3.213793103448276
Queen Bed Frame,157,108,285883.71,2.861111111111111
Queen Bed Frame,190,130,285369.93,2.976923076923077
Action Figure,162,121,285294.79,3.0330578512396693
Olive Oil,76,117,284745.78,2.923076923076923
Instant Noodles,149,121,284108.5,2.6859504132231407
Bluetooth Speaker,172,140,283608.60000000003,3.164285714285714
Olive Oil,105,134,283403.39999999997,3.1343283582089554
Dining Set,113,121,283140.57,3.0826446280991737
Remote Control Car,174,153,283054.98,3.2745098039215685
Instant Noodles,36,103,283000.74,3.0
Smartwatch,25,131,282572.04,3.0381679389312977
Protein Shake,197,104,282237.5,3.2211538461538463
Building Blocks Set,192,133,281946.0,3.1578947368421053
Gaming Console,32,120,281313.92,3.066666666666667
Queen Bed Frame,164,121,281026.44,2.925619834710744
Building Blocks Set,152,144,280453.25,2.951388888888889
Dining Set,69,110,280331.52,3.0545454545454547
Puzzle Board,112,115,280234.56,2.8869565217391306
Wooden Coffee Table,108,110,279833.8,2.8727272727272726
Bookshelf,135,109,278491.75,2.871559633027523
Fruit Jam,55,117,278453.14,2.982905982905983
Sports Tracksuit,33,109,278406.72000000003,2.6422018348623855
4K Smart TV,141,116,278365.75,2.8017241379310347
Bookshelf,48,119,278315.52,2.823529411764706
4K Smart TV,69,129,278256.0,3.294573643410853
Bookshelf,137,107,277459.0,3.0373831775700935
Nightstand,74,94,276988.02,3.1702127659574466
Wooden Coffee Table,95,137,276574.5,2.9562043795620436
Slim Fit Jeans,16,122,276499.45,3.1065573770491803
Denim Shorts,165,125,276039.72000000003,3.168
Building Blocks Set,79,123,275769.0,3.1707317073170733
Almond Butter,95,123,275689.96,2.894308943089431
Wooden Coffee Table,81,128,275616.0,3.125
Organic Honey,22,108,275190.4,2.962962962962963
Action Figure,12,116,274858.75,3.060344827586207
Dining Set,95,121,274855.23,2.8677685950413223
Remote Control Car,163,132,274598.51,3.0984848484848486
Gaming Console,142,109,274411.2,3.0825688073394497
Bluetooth Speaker,58,118,274398.24,3.23728813559322
Drawing Kit,117,127,274111.57,3.15748031496063
Bluetooth Speaker,85,122,273529.89999999997,3.0327868852459017
Dart Gun,169,138,273478.8,3.0434782608695654
Queen Bed Frame,31,105,273139.83,3.1142857142857143
Smartphone,54,246,272524.11,3.0569105691056913
Recliner Sofa,197,123,272274.03,3.0
Building Blocks Set,2,137,271847.64,3.1094890510948905
Action Figure,147,117,271235.55,2.948717948717949
Slim Fit Jeans,111,135,271228.3,3.0074074074074075
Plush Dinosaur,110,132,270431.37,2.75
Lego City Kit,45,140,270276.66000000003,2.8714285714285714
Plush Dinosaur,20,131,270266.04,3.0229007633587788
Granola Bar,114,115,269916.78,2.9304347826086956
Building Blocks Set,86,124,267521.16,3.1129032258064515
Office Chair,95,127,267413.64,2.968503937007874
Organic Honey,156,125,267310.98,2.952
Building Blocks Set,195,118,267231.95999999996,2.7457627118644066
Drawing Kit,62,125,267213.18,3.224
Leather Jacket,29,106,266671.3,2.9245283018867925
Organic Honey,54,126,266126.49,2.9285714285714284
Instant Noodles,132,134,266024.0,2.985074626865672
Laptop,15,131,265491.35,3.015267175572519
Gaming Console,46,136,265451.28,3.213235294117647
Fruit Jam,44,136,265229.12,3.0588235294117645
Dart Gun,114,124,265068.7,3.0403225806451615
Granola Bar,84,111,264669.69,3.036036036036036
Wireless Headphones,7,128,264494.3,2.9140625
Formal Shirt,41,259,264333.45,2.9343629343629343
Dining Set,152,128,264165.12,2.875
Bluetooth Speaker,34,127,264009.89999999997,3.031496062992126
Gaming Console,184,140,263978.1,2.807142857142857
Slim Fit Jeans,129,104,263651.16,2.9711538461538463
Plush Dinosaur,7,113,263645.12,2.7964601769911503
Smartphone,123,110,263353.68,2.9454545454545453
Bluetooth Speaker,9,123,263115.6,3.024390243902439
Protein Shake,160,113,262434.08,3.061946902654867
Remote Control Car,12,102,261110.40000000002,2.892156862745098
Drawing Kit,183,125,261100.62,2.992
Plush Dinosaur,66,118,261049.88,3.194915254237288
4K Smart TV,4,105,260432.35,3.1904761904761907
Gaming Console,132,117,260350.27,3.1880341880341883
Wool Sweater,109,128,259691.84,3.21875
Sports Tracksuit,40,124,259644.06,2.9516129032258065
Slim Fit Jeans,77,114,259635.2,3.087719298245614
Building Blocks Set,162,144,259192.96,2.888888888888889
Tablet,149,128,259144.0,3.125
Remote Control Car,109,114,258726.67,3.043859649122807
Queen Bed Frame,81,221,258214.28,3.072398190045249
Sports Tracksuit,196,133,258139.03999999998,2.827067669172932
Cotton T-Shirt,53,247,257470.68,3.02834008097166
Wooden Coffee Table,189,141,257399.46,3.106382978723404
Granola Bar,146,113,257391.24,3.079646017699115
Protein Shake,65,123,257334.3,3.105691056910569
Slim Fit Jeans,78,119,257295.5,2.9411764705882355
Bluetooth Speaker,161,121,257100.36000000002,2.8181818181818183
Puzzle Board,7,136,255623.25999999998,2.8970588235294117
Remote Control Car,26,133,255476.46000000002,3.2030075187969924
Power Bank,175,121,255442.86,2.925619834710744
Building Blocks Set,73,103,254582.97999999998,2.9320388349514563
Tablet,50,125,253528.03999999998,2.768
Wooden Coffee Table,162,124,253464.88,2.9596774193548385
Building Blocks Set,101,135,253414.38,3.0444444444444443
Queen Bed Frame,193,98,252133.55000000002,3.010204081632653
Fruit Jam,89,125,252133.54,3.032
Office Chair,59,118,252082.8,2.8813559322033897
Gaming Console,70,119,251937.0,2.9411764705882355
Office Chair,182,107,251646.72,2.9158878504672896
Dining Set,74,145,251548.0,3.0344827586206895
Wool Sweater,77,123,251442.0,2.926829268292683
Instant Noodles,95,137,248800.13999999998,3.0875912408759123
Protein Shake,102,139,248404.29,2.9568345323741005
Lego City Kit,183,110,247842.0,2.672727272727273
Tablet,79,117,247750.44,3.0256410256410255
Smartwatch,85,135,246502.83,3.162962962962963
Wooden Coffee Table,90,134,246451.0,3.0597014925373136
Building Blocks Set,184,138,244961.55000000002,3.152173913043478
Almond Butter,82,119,243929.6,2.857142857142857
Plush Dinosaur,57,138,243882.06,2.8550724637681157
Remote Control Car,40,106,243344.33,3.1792452830188678
Smartphone,180,117,243218.25,2.7094017094017095
Drawing Kit,75,109,242119.94,3.0642201834862384
Dining Set,130,115,241710.0,3.0434782608695654
Action Figure,200,136,241171.56,2.9338235294117645
Action Figure,47,112,240371.28,3.0535714285714284
Office Chair,199,135,240038.4,2.9555555555555557
Lego City Kit,184,117,239334.72,3.128205128205128
Laptop,151,110,239179.75999999998,3.1272727272727274
Lego City Kit,129,110,239074.54,3.0636363636363635
Office Chair,105,135,239050.74,2.948148148148148
Olive Oil,138,128,239038.11000000002,2.8671875
Smartwatch,83,115,238601.16,2.8956521739130436
4K Smart TV,189,135,238517.08000000002,2.837037037037037
Dart Gun,9,105,238339.28999999998,3.057142857142857
Almond Butter,112,123,238047.26,3.040650406504065
Formal Shirt,168,113,237766.25,2.9646017699115044
Smartwatch,192,131,237705.5,3.0381679389312977
Granola Bar,23,131,237355.1,3.16793893129771
Wool Sweater,50,122,237239.64,3.2459016393442623
Nightstand,183,112,237174.21,3.0625
Wooden Coffee Table,170,119,236918.4,2.9243697478991595
Bookshelf,157,110,236717.13999999998,2.9
Lego City Kit,98,129,236714.9,2.868217054263566
Nightstand,1,132,236014.88,2.893939393939394
Protein Shake,165,123,235962.32,3.3089430894308944
Dining Set,22,144,235578.6,3.0208333333333335
Plush Dinosaur,162,114,234903.04,3.1228070175438596
Tablet,126,114,234745.02000000002,2.9210526315789473
Formal Shirt,4,125,234054.6,2.96
Plush Dinosaur,86,116,233982.32,3.1206896551724137
Formal Shirt,172,130,233731.52,2.830769230769231
Puzzle Board,170,119,233156.9,2.9831932773109244
Power Bank,123,135,232967.15,2.7925925925925927
Organic Honey,78,121,232178.69,2.9173553719008263
Leather Jacket,15,128,231629.27,2.9140625
Protein Shake,32,123,231523.19999999998,2.926829268292683
Wooden Coffee Table,120,128,231347.31,3.0703125
Tablet,104,109,231256.14,3.091743119266055
Hoodie,4,122,230643.2,3.0327868852459017
Bluetooth Speaker,79,133,230238.19999999998,2.857142857142857
Power Bank,18,157,229769.68,2.878980891719745
Recliner Sofa,193,267,229721.47,3.0299625468164795
Instant Noodles,117,117,229667.88,2.9572649572649574
Protein Shake,25,145,229498.22,3.075862068965517
Wireless Headphones,144,126,229361.79,2.8333333333333335
Laptop,125,132,228624.17,2.871212121212121
Power Bank,183,116,228248.61,3.0948275862068964
Queen Bed Frame,18,115,227836.18,3.2782608695652176
Remote Control Car,58,117,227572.43,2.8290598290598292
Leather Jacket,86,123,226063.11000000002,2.902439024390244
Denim Shorts,113,126,225920.21,3.0396825396825395
Drawing Kit,27,124,225594.66,3.088709677419355
Smartphone,111,139,224765.27999999997,3.1079136690647484
Office Chair,2,131,224645.13999999998,2.984732824427481
Formal Shirt,169,120,223734.72,2.933333333333333
Lego City Kit,106,127,223184.5,3.031496062992126
Recliner Sofa,118,124,222729.85,2.9919354838709675
Fruit Jam,197,134,222428.16999999998,2.917910447761194
Gaming Console,21,113,222089.96,2.9557522123893807
Drawing Kit,97,145,221519.96,2.9517241379310346
Bookshelf,15,122,221236.0,2.9098360655737703
Wool Sweater,90,123,220779.86000000002,2.983739837398374
Protein Shake,181,116,220686.15,2.9741379310344827
Dining Set,18,121,220542.0,2.9421487603305785
Granola Bar,34,123,219965.12,2.983739837398374
Wool Sweater,151,123,219795.69999999998,2.967479674796748
Nightstand,113,126,219461.34,2.9444444444444446
Puzzle Board,105,134,219202.2,3.1343283582089554
Plush Dinosaur,160,142,219075.88999999998,2.8661971830985915
Recliner Sofa,199,111,218080.84,2.990990990990991
Drawing Kit,148,136,217472.86,3.073529411764706
Building Blocks Set,161,119,217178.5,2.9411764705882355
Fruit Jam,18,110,215879.76,2.809090909090909
Granola Bar,194,132,214521.12,3.0
Denim Shorts,29,128,214033.12,3.2265625
Almond Butter,5,115,213509.68000000002,3.008695652173913
Action Figure,65,111,213246.0,3.2432432432432434
Protein Shake,12,115,213163.65,3.1739130434782608
Plush Dinosaur,67,118,212007.03,2.957627118644068
Almond Butter,34,117,211912.49,3.1880341880341883
Wireless Headphones,57,128,211747.3,2.890625
Queen Bed Frame,150,112,211423.3,3.0892857142857144
Instant Noodles,24,121,211267.42,2.834710743801653
Recliner Sofa,132,101,211155.15,3.0594059405940595
Puzzle Board,103,126,210331.91999999998,2.7301587301587302
Recliner Sofa,175,111,209571.2,2.8828828828828827
Bookshelf,109,115,209569.08000000002,3.026086956521739
Queen Bed Frame,78,113,208787.52000000002,2.7964601769911503
Slim Fit Jeans,101,138,207649.86,3.028985507246377
Remote Control Car,106,128,205920.15,3.0546875
Dart Gun,103,141,205719.13999999998,3.198581560283688
Wool Sweater,186,117,205712.0,2.9401709401709404
Almond Butter,67,125,205587.19999999998,2.912
Wooden Coffee Table,14,138,205403.44,3.2681159420289854
Sports Tracksuit,172,124,205306.66,3.0080645161290325
Protein Shake,121,116,205197.21,3.1810344827586206
Almond Butter,78,117,204615.49,2.965811965811966
Building Blocks Set,109,111,204094.95,3.054054054054054
Bookshelf,80,140,203896.26,2.807142857142857
Instant Noodles,106,123,203731.84,3.0569105691056913
Office Chair,71,136,203659.17,3.1544117647058822
Building Blocks Set,107,123,203377.72,2.959349593495935
Office Chair,90,128,203186.76,3.1171875
Protein Shake,161,125,203178.84,3.216
Laptop,49,128,202965.49,2.9453125
Leather Jacket,64,126,202712.88,2.984126984126984
Hoodie,42,111,201727.68,3.027027027027027
Puzzle Board,160,138,201701.4,2.760869565217391
Organic Honey,89,122,201349.12,3.040983606557377
Granola Bar,151,122,201012.0,2.7540983606557377
Wool Sweater,143,110,200979.72,3.109090909090909
Puzzle Board,3,118,200798.65,3.0084745762711864
Recliner Sofa,166,134,200622.1,2.917910447761194
Olive Oil,42,124,200613.43,2.846774193548387
Queen Bed Frame,20,124,199996.35,2.8629032258064515
Bookshelf,108,106,199643.22,3.0377358490566038
Denim Shorts,124,128,198196.88,2.984375
Leather Jacket,158,137,198181.2,3.065693430656934
Tablet,47,109,197864.36,2.770642201834862
Lego City Kit,165,128,197762.94999999998,3.0078125
Nightstand,80,120,197550.5,2.9166666666666665
Action Figure,63,118,197242.5,3.305084745762712
4K Smart TV,179,242,197058.4,2.958677685950413
Protein Shake,84,111,196969.19999999998,2.864864864864865
Laptop,51,125,196745.22,3.024
Dart Gun,12,129,196687.62,3.0852713178294575
Sports Tracksuit,123,125,196396.27,2.968
4K Smart TV,57,120,196236.58,3.0166666666666666
Office Chair,40,141,195748.34,2.8226950354609928
Granola Bar,55,117,195349.05,3.0
Fruit Jam,157,137,194909.59,2.854014598540146
Building Blocks Set,72,274,194435.2,3.0145985401459856
Granola Bar,186,120,193731.6,2.9
Fruit Jam,35,120,193431.6,3.0
Smartwatch,133,113,193177.80000000002,3.1327433628318584
Wooden Coffee Table,85,118,193007.88,2.9745762711864407
Dining Set,20,112,192736.59999999998,3.169642857142857
Instant Noodles,164,108,192227.19999999998,3.185185185185185
Dining Set,61,133,191954.1,2.9323308270676693
Leather Jacket,165,131,191594.56,2.8702290076335877
Recliner Sofa,148,110,191579.49,3.0090909090909093
Building Blocks Set,190,131,191350.35,3.0916030534351147
Almond Butter,61,121,191314.82,2.884297520661157
Instant Noodles,46,118,190911.24,2.8728813559322033
Fruit Jam,117,122,190868.37,3.040983606557377
Wooden Coffee Table,66,118,190705.77,2.8220338983050848
Building Blocks Set,1,139,190580.46000000002,2.920863309352518
Laptop,118,118,190531.2,3.016949152542373
Smartwatch,80,130,190461.04,3.0153846153846153
Tablet,135,126,190125.35,3.007936507936508
Hoodie,130,133,189965.16,2.9774436090225564
Puzzle Board,154,104,189382.16,2.951923076923077
Hoodie,195,125,188989.19999999998,3.04
Formal Shirt,174,114,188826.99,3.043859649122807
Gaming Console,183,134,188249.36,3.0074626865671643
Office Chair,24,108,186494.0,3.2037037037037037
Olive Oil,111,117,186066.62,3.0854700854700856
Cotton T-Shirt,143,133,185611.61000000002,2.9398496240601504
Plush Dinosaur,8,134,185121.84,3.044776119402985
Organic Honey,29,133,184863.9,2.9323308270676693
Power Bank,38,121,184639.24,3.190082644628099
Laptop,153,138,184426.92,3.3115942028985508
Lego City Kit,56,110,183976.92,2.9454545454545453
Almond Butter,88,274,183743.55,3.1423357664233578
Olive Oil,74,125,183559.05,2.952
Wooden Coffee Table,185,131,183170.91999999998,2.9618320610687023
Instant Noodles,75,113,182436.54,3.2123893805309733
Lego City Kit,116,250,181384.77,3.012
Dart Gun,151,122,180823.08000000002,2.918032786885246
Wooden Coffee Table,51,115,180649.0,3.0434782608695654
Denim Shorts,155,123,180391.33000000002,3.016260162601626
Slim Fit Jeans,154,139,179620.2,3.129496402877698
Tablet,151,113,179024.36000000002,2.938053097345133
Fruit Jam,32,123,178804.62,3.0813008130081303
Bookshelf,140,139,178741.31,2.856115107913669
Puzzle Board,127,114,178269.98,2.9035087719298245
Dining Set,191,130,177949.52,2.8923076923076922
Wooden Coffee Table,65,137,177202.56,2.978102189781022
Leather Jacket,155,140,177010.06,3.242857142857143
Dining Set,59,129,176274.28,2.8217054263565893
Laptop,107,134,176268.4,2.873134328358209
Olive Oil,152,126,176015.28,2.8333333333333335
Power Bank,39,119,175436.26,2.9159663865546217
Organic Honey,68,116,174943.52000000002,2.9913793103448274
Fruit Jam,72,132,174890.1,3.0454545454545454
Slim Fit Jeans,41,138,174778.34,3.028985507246377
Formal Shirt,159,125,174558.0,3.008
Lego City Kit,143,153,174524.88,2.980392156862745
Granola Bar,195,126,174520.5,3.0555555555555554
Formal Shirt,25,122,174495.48,3.2049180327868854
Dart Gun,80,105,174056.48,2.9904761904761905
Drawing Kit,4,126,173232.62,2.8412698412698414
Recliner Sofa,64,111,172003.81,3.0720720720720722
Bookshelf,171,133,171379.44,3.112781954887218
Nightstand,78,118,170680.08000000002,3.0338983050847457
Cotton T-Shirt,63,119,170588.38,2.907563025210084
Recliner Sofa,77,130,170131.34,2.9384615384615387
Almond Butter,92,142,169349.84,2.9859154929577465
Cotton T-Shirt,172,121,168759.97999999998,2.8677685950413223
Protein Shake,17,136,168729.66,2.801470588235294
Bluetooth Speaker,190,121,168660.96,2.958677685950413
Almond Butter,188,133,168578.93,3.030075187969925
Laptop,161,125,168425.6,2.92
4K Smart TV,107,110,167940.08000000002,2.8
Dining Set,32,116,167863.86,2.9482758620689653
Hoodie,189,125,167707.8,2.808
Smartphone,71,136,167386.8,3.088235294117647
Fruit Jam,50,120,167245.57,3.058333333333333
Fruit Jam,196,124,167229.76,3.032258064516129
Drawing Kit,139,135,166411.08000000002,2.933333333333333
Drawing Kit,100,116,165916.48,3.1724137931034484
Protein Shake,108,117,165621.54,3.0598290598290596
4K Smart TV,60,97,165307.32,3.154639175257732
Smartphone,162,123,164729.4,2.951219512195122
Action Figure,21,120,164436.36000000002,2.8916666666666666
Laptop,180,121,164348.55,3.0165289256198347
Cotton T-Shirt,112,117,164255.0,3.0854700854700856
Protein Shake,175,112,164069.52,2.8660714285714284
Office Chair,116,134,163980.0,2.985074626865672
Instant Noodles,3,124,163194.22,2.8951612903225805
Tablet,183,126,162123.68,2.984126984126984
Dining Set,16,124,161655.48,3.0483870967741935
Instant Noodles,199,129,161248.4,3.0310077519379846
Queen Bed Frame,58,145,160269.2,3.0482758620689654
Cotton T-Shirt,180,137,159784.02,3.0875912408759123
Fruit Jam,195,121,159504.06,2.7024793388429753
Olive Oil,172,126,159171.02,3.0873015873015874
Wool Sweater,57,145,159139.86,3.110344827586207
Wooden Coffee Table,136,152,158857.2,2.664473684210526
Recliner Sofa,109,131,158653.44,2.931297709923664
Organic Honey,116,115,158482.65,3.0
Building Blocks Set,154,148,158400.06,2.925675675675676
Protein Shake,63,241,156815.3,3.1618257261410787
Bluetooth Speaker,42,240,156755.16999999998,2.9208333333333334
Wooden Coffee Table,29,126,156261.49,2.9444444444444446
Office Chair,172,125,155932.02,2.952
Olive Oil,175,126,155588.6,3.0317460317460316
Remote Control Car,108,108,155577.6,3.425925925925926
Wireless Headphones,136,137,155346.38,2.9854014598540144
Office Chair,48,132,155323.98,2.8636363636363638
Recliner Sofa,44,121,155233.52,3.115702479338843
Olive Oil,87,123,154543.16,2.894308943089431
4K Smart TV,74,253,154073.94,2.9881422924901186
Laptop,45,130,153919.84,3.0846153846153848
Instant Noodles,30,133,153861.82,3.0526315789473686
4K Smart TV,122,143,153653.76,3.020979020979021
Sports Tracksuit,150,123,153529.68,2.975609756097561
Fruit Jam,142,125,153398.4,3.04
Gaming Console,127,122,153300.6,2.6557377049180326
Gaming Console,109,130,152642.49,3.0076923076923077
Queen Bed Frame,174,123,151906.2,3.024390243902439
Organic Honey,126,129,151765.65,3.13953488372093
Remote Control Car,152,128,151624.44,3.09375
Olive Oil,85,124,151485.13,3.153225806451613
Remote Control Car,173,128,151295.76,3.09375
4K Smart TV,32,124,150732.96,3.2016129032258065
Plush Dinosaur,29,107,149750.25,3.0373831775700935
Dining Set,166,133,149142.18,2.7293233082706765
Nightstand,72,112,148707.76,3.0714285714285716
Almond Butter,192,131,148667.97,3.0
Building Blocks Set,35,115,147608.63999999998,2.791304347826087
Protein Shake,163,122,146854.4,3.1557377049180326
Drawing Kit,118,113,146613.24,2.9469026548672566
Fruit Jam,15,117,146386.08,3.0256410256410255
Lego City Kit,173,117,146378.88,2.9401709401709404
Olive Oil,189,127,145422.19999999998,2.795275590551181
Nightstand,187,118,145418.28,2.906779661016949
Wireless Headphones,51,263,145351.98,2.9391634980988592
Almond Butter,73,116,144525.7,3.189655172413793
Olive Oil,36,117,144516.8,2.8034188034188032
Protein Shake,154,129,143741.79,3.0775193798449614
Smartphone,37,125,143600.7,2.96
Wool Sweater,11,126,143398.56,2.9523809523809526
Bluetooth Speaker,44,134,143379.97,3.1417910447761193
Power Bank,88,116,143314.29,2.8189655172413794
Puzzle Board,55,136,143309.01,2.7720588235294117
Sports Tracksuit,191,116,143083.6,2.939655172413793
Organic Honey,119,138,143021.9,2.9927536231884058
Lego City Kit,13,117,141382.5,3.2051282051282053
Lego City Kit,96,128,141236.72,3.1015625
Instant Noodles,191,115,141168.0,2.9565217391304346
Organic Honey,28,148,141089.13,2.97972972972973
Drawing Kit,9,130,140826.32,3.1076923076923078
Wooden Coffee Table,103,136,140056.0,3.014705882352941
Nightstand,50,119,139494.01,3.033613445378151
Plush Dinosaur,154,138,139320.0,2.9347826086956523
4K Smart TV,73,121,139265.0,2.8925619834710745
Formal Shirt,121,118,137676.1,3.0084745762711864
Queen Bed Frame,34,124,137540.38999999998,2.7983870967741935
Smartphone,125,121,137245.12,2.9421487603305785
Almond Butter,17,119,137218.16,2.966386554621849
Wireless Headphones,192,132,136921.88999999998,3.128787878787879
Formal Shirt,141,124,136858.96,3.161290322580645
Recliner Sofa,36,120,136532.76,3.033333333333333
Almond Butter,139,119,136483.19999999998,3.0252100840336134
Tablet,120,121,136141.5,3.3636363636363638
Sports Tracksuit,134,111,135764.46,3.045045045045045
Instant Noodles,127,122,135728.63999999998,3.1475409836065573
Formal Shirt,15,128,135170.1,3.046875
Hoodie,164,247,134812.96,3.020242914979757
Queen Bed Frame,197,133,134718.36,3.0
Hoodie,159,124,134197.83,2.8306451612903225
Recliner Sofa,57,128,133731.84,3.0
Slim Fit Jeans,7,112,133179.93,3.1339285714285716
Power Bank,51,120,133022.58,2.95
Nightstand,85,129,131672.8,3.0387596899224807
Denim Shorts,108,140,130905.06,2.9857142857142858
Wool Sweater,116,120,130901.56,3.058333333333333
Almond Butter,153,100,130506.4,2.96
Olive Oil,16,127,130379.04000000001,3.1181102362204722
Office Chair,41,139,130028.36,2.9280575539568345
Wooden Coffee Table,71,133,129702.06,3.112781954887218
Bookshelf,165,135,128377.89,2.9407407407407407
Remote Control Car,90,111,128180.0,3.063063063063063
Olive Oil,121,128,127949.4,2.90625
4K Smart TV,149,121,127821.98,3.090909090909091
Puzzle Board,52,121,126639.66,3.024793388429752
Wooden Coffee Table,173,111,126273.42,3.045045045045045
Plush Dinosaur,33,131,126063.0,3.099236641221374
Sports Tracksuit,81,144,126003.22,3.013888888888889
Smartphone,97,139,125981.83,2.8992805755395685
Wool Sweater,145,125,125456.0,3.2
Formal Shirt,190,108,124839.3,3.287037037037037
Nightstand,200,137,124609.8,3.065693430656934
Drawing Kit,174,119,124494.2,3.0672268907563027
Instant Noodles,153,125,124292.90999999999,2.744
Smartphone,52,98,122934.82,2.9489795918367347
Puzzle Board,155,129,120939.6,3.007751937984496
Formal Shirt,151,119,120770.1,3.0504201680672267
Office Chair,10,121,120408.64,2.909090909090909
Organic Honey,17,140,120307.59,2.8785714285714286
Slim Fit Jeans,8,134,120190.07999999999,2.6417910447761193
Remote Control Car,25,107,119840.28,2.7476635514018692
Remote Control Car,9,116,119318.43000000001,2.836206896551724
Organic Honey,165,137,119116.0,2.832116788321168
Queen Bed Frame,118,128,118409.40000000001,3.2734375
Wooden Coffee Table,129,137,118213.89,2.7664233576642334
Wooden Coffee Table,122,141,118139.45,3.198581560283688
Nightstand,14,118,118131.0,2.864406779661017
Sports Tracksuit,66,122,116958.66,3.30327868852459
Bluetooth Speaker,33,127,116096.25,2.952755905511811
Drawing Kit,24,113,115650.09,2.893805309734513
Bookshelf,29,130,115542.52,2.9846153846153847
Gaming Console,22,125,114742.8,2.88
Puzzle Board,18,113,113956.87999999999,3.0442477876106193
Puzzle Board,96,114,113950.0,3.017543859649123
Power Bank,165,118,113818.95999999999,3.1864406779661016
Plush Dinosaur,6,133,113285.6,2.857142857142857
Remote Control Car,171,124,112988.82,3.217741935483871
Bookshelf,10,122,111844.05,3.057377049180328
Plush Dinosaur,69,146,109776.34,3.006849315068493
Granola Bar,161,117,108985.98,3.0256410256410255
Granola Bar,191,129,108616.56,3.124031007751938
Denim Shorts,142,119,108235.02,3.033613445378151
Building Blocks Set,131,118,107780.40000000001,3.0847457627118646
Protein Shake,195,116,107552.76,3.1551724137931036
Sports Tracksuit,17,112,106649.90999999999,2.9732142857142856
Dart Gun,100,117,106364.3,2.9316239316239314
Laptop,20,130,105783.84,2.8923076923076922
Dining Set,27,134,105563.25,2.9925373134328357
Queen Bed Frame,5,107,105068.67,3.336448598130841
Laptop,108,127,104609.88,3.062992125984252
Plush Dinosaur,23,115,104155.74,2.8956521739130436
Denim Shorts,114,122,103893.59999999999,2.9918032786885247
Denim Shorts,126,118,103746.72,2.847457627118644
Dart Gun,22,133,103265.28,2.887218045112782
Action Figure,99,124,103123.2,3.096774193548387
Remote Control Car,1,123,102832.38,3.1951219512195124
Bookshelf,118,127,102640.86,2.921259842519685
Lego City Kit,166,127,102417.17000000001,2.984251968503937
Queen Bed Frame,56,127,102282.36,2.8818897637795278
Dart Gun,154,115,101372.31,3.0521739130434784
Bookshelf,35,130,101224.64,2.9692307692307693
Office Chair,135,129,101042.22,3.0310077519379846
Action Figure,190,134,100721.23999999999,3.014925373134328
Wooden Coffee Table,119,129,98999.12000000001,2.9612403100775193
Puzzle Board,19,234,98956.8,2.9743589743589745
Dart Gun,130,128,98744.40000000001,3.203125
Wool Sweater,46,130,98449.04000000001,2.9384615384615387
Bookshelf,64,130,98094.15,2.9615384615384617
Protein Shake,170,95,97908.42,2.8842105263157896
Queen Bed Frame,194,154,97876.08,2.935064935064935
Almond Butter,136,130,97821.43000000001,3.2846153846153845
Laptop,48,128,97106.37,3.0703125
Tablet,168,145,96574.59,2.9448275862068964
Denim Shorts,129,119,96316.32,3.008403361344538
Nightstand,152,131,95763.8,2.900763358778626
Lego City Kit,88,112,95584.12,2.982142857142857
Denim Shorts,131,131,95331.6,2.885496183206107
Nightstand,144,124,95214.18,2.814516129032258
Recliner Sofa,82,145,95136.96,3.117241379310345
Slim Fit Jeans,18,129,95093.52,3.131782945736434
Sports Tracksuit,88,139,94938.90000000001,2.6690647482014387
Power Bank,66,140,94038.84000000001,3.15
Action Figure,36,112,93102.2,3.0357142857142856
Leather Jacket,20,136,92449.55,3.051470588235294
Plush Dinosaur,166,124,92072.8,2.8629032258064515
Power Bank,145,112,92050.2,2.9464285714285716
Wool Sweater,20,136,90936.95,2.963235294117647
Almond Butter,131,120,90934.81999999999,2.8916666666666666
Office Chair,123,123,90020.32,3.113821138211382
Instant Noodles,37,123,89820.0,3.048780487804878
Instant Noodles,90,128,89607.39,2.9765625
Cotton T-Shirt,98,113,89169.8,2.6991150442477876
Laptop,147,106,89016.51,3.0283018867924527
Fruit Jam,109,137,88276.0,2.9197080291970803
Office Chair,17,115,88216.73,3.034782608695652
Remote Control Car,66,139,87501.7,3.035971223021583
Plush Dinosaur,32,135,85858.1,3.037037037037037
Organic Honey,164,121,85488.59999999999,3.1404958677685952
Smartphone,77,133,85485.0,3.1353383458646618
Power Bank,112,138,84923.76,3.101449275362319
Cotton T-Shirt,145,126,84722.88,3.380952380952381
Action Figure,167,130,84718.40000000001,3.2
Wireless Headphones,148,118,84247.32,2.9491525423728815
Bookshelf,184,130,83673.54000000001,3.1846153846153844
Olive Oil,195,120,83438.07,2.825
Gaming Console,73,161,83435.63,3.049689440993789
Office Chair,165,131,82661.04000000001,2.885496183206107
Tablet,9,122,82577.29000000001,2.8934426229508197
Almond Butter,151,135,82567.28,2.762962962962963
Instant Noodles,6,135,82293.46,2.6814814814814816
Drawing Kit,124,112,81190.99,2.955357142857143
Protein Shake,26,117,81008.14,3.1880341880341883
Building Blocks Set,100,113,79890.36,3.079646017699115
Power Bank,84,120,79864.68000000001,3.1
Nightstand,121,113,79556.87999999999,3.0442477876106193
Laptop,18,159,78396.0,2.9559748427672954
Protein Shake,56,141,78315.31999999999,2.900709219858156
Sports Tracksuit,146,126,77990.44,2.865079365079365
Nightstand,195,151,77832.0,3.0463576158940397
Dining Set,126,138,77653.78,2.8840579710144927
Organic Honey,107,130,77585.2,2.9615384615384617
Hoodie,103,109,77447.44,2.9541284403669725
Drawing Kit,152,137,77335.6,2.897810218978102
Wool Sweater,9,124,76587.21,2.879032258064516
Smartwatch,30,131,76503.52,2.8091603053435112
Building Blocks Set,54,131,76075.68,3.114503816793893
Wool Sweater,115,123,75599.05,3.2113821138211383
Formal Shirt,115,113,75198.24,3.106194690265487
Dart Gun,38,147,74622.06,2.979591836734694
Formal Shirt,60,118,74560.56,2.8135593220338984
Almond Butter,175,118,74374.86,3.1016949152542375
Organic Honey,131,129,74352.56,3.0310077519379846
Nightstand,95,153,73758.0,2.980392156862745
Lego City Kit,190,129,73622.6,2.868217054263566
Tablet,137,138,73608.25,2.86231884057971
Sports Tracksuit,91,119,73577.3,2.9831932773109244
Smartphone,173,114,73130.25,3.043859649122807
Hoodie,162,131,73117.0,2.984732824427481
Wooden Coffee Table,61,120,72593.46,3.225
Granola Bar,69,128,72255.93000000001,2.8046875
Almond Butter,94,132,71303.7,2.9545454545454546
Tablet,115,121,71055.36,3.1735537190082646
Gaming Console,193,132,70592.04,3.037878787878788
Leather Jacket,3,113,70501.32,3.079646017699115
Protein Shake,74,113,70230.72,2.9734513274336285
Formal Shirt,67,140,69530.40000000001,3.107142857142857
Wireless Headphones,47,119,68453.2,3.19327731092437
Power Bank,188,127,68396.0,3.1496062992125986
Fruit Jam,76,151,68209.73999999999,2.9006622516556293
Granola Bar,188,116,68107.56,2.8189655172413794
Instant Noodles,42,134,67346.59999999999,3.0597014925373136
Wooden Coffee Table,7,108,67211.7,2.9074074074074074
Smartphone,108,126,67183.2,3.0714285714285716
Smartphone,197,121,67112.24,3.1074380165289255
Wooden Coffee Table,104,124,66686.4,2.838709677419355
Smartwatch,13,115,66208.8,2.9217391304347826
Lego City Kit,160,107,63685.44,3.1401869158878504
Formal Shirt,98,138,62742.24,2.869565217391304
Slim Fit Jeans,88,108,62028.22,3.1203703703703702
Slim Fit Jeans,81,111,61868.4,2.972972972972973
Action Figure,144,139,61413.9,2.949640287769784
Slim Fit Jeans,15,129,61356.4,2.635658914728682
Puzzle Board,98,123,61234.6,3.105691056910569
Smartwatch,1,115,61033.72,2.8347826086956522
4K Smart TV,80,126,60387.67,3.1507936507936507
Gaming Console,176,125,60276.48,3.072
Cotton T-Shirt,152,124,60189.94,2.8951612903225805
Cotton T-Shirt,136,138,58986.259999999995,3.1666666666666665
Wooden Coffee Table,106,118,58821.909999999996,2.788135593220339
Almond Butter,80,128,58140.14,2.8671875
Tablet,200,145,58000.399999999994,2.8620689655172415
Action Figure,9,132,57924.52,2.9393939393939394
Nightstand,59,120,56924.5,3.0833333333333335
Fruit Jam,128,133,56496.06,3.0902255639097747
Hoodie,150,123,56363.88,2.8780487804878048
Olive Oil,176,136,55719.44,2.985294117647059
Bookshelf,70,126,55081.380000000005,2.865079365079365
Denim Shorts,13,125,54334.96,3.184
Olive Oil,73,132,54120.32,3.121212121212121
Dining Set,77,138,53857.5,2.717391304347826
Dining Set,29,129,53590.68,3.0697674418604652
Office Chair,148,118,52119.990000000005,2.9745762711864407
Lego City Kit,186,123,52115.96,3.2764227642276422
Drawing Kit,189,119,52047.9,2.7983193277310923
Plush Dinosaur,26,132,51805.4,2.878787878787879
Granola Bar,22,119,51746.05,3.0672268907563027
Protein Shake,1,131,51372.74,2.946564885496183
Queen Bed Frame,9,117,51174.5,2.7777777777777777
Dart Gun,5,113,50419.53,2.9469026548672566
Lego City Kit,163,131,50171.16,2.877862595419847
Building Blocks Set,118,110,50126.44,2.9909090909090907
Office Chair,20,127,49668.5,2.7559055118110236
Recliner Sofa,116,137,48738.56,3.0364963503649633
Gaming Console,163,117,48161.880000000005,3.1538461538461537
Instant Noodles,57,152,48073.35,2.9276315789473686
Power Bank,198,119,47921.04,3.1260504201680672
Smartphone,175,119,47885.58,2.9747899159663866
Office Chair,15,154,47056.4,3.051948051948052
Dining Set,137,134,46343.16,2.8805970149253732
Olive Oil,194,126,46255.270000000004,3.3412698412698414
Hoodie,72,123,45791.9,3.130081300813008
Wireless Headphones,115,139,45384.299999999996,2.9136690647482015
Laptop,68,116,45308.399999999994,2.9310344827586206
Leather Jacket,90,121,45082.28,3.0330578512396693
Protein Shake,105,102,44666.5,3.0784313725490198
Almond Butter,130,113,43572.979999999996,3.017699115044248
Recliner Sofa,160,125,43478.37,2.808
Protein Shake,149,122,43326.5,2.8688524590163933
Queen Bed Frame,84,135,43288.76,3.1259259259259258
Drawing Kit,135,126,42630.72,2.880952380952381
Bookshelf,33,125,42076.65,3.08
Protein Shake,38,133,41775.82,2.962406015037594
Gaming Console,103,127,41536.44,2.9448818897637796
Almond Butter,35,122,41502.65,3.237704918032787
Sports Tracksuit,50,89,41392.42,2.8876404494382024
Cotton T-Shirt,37,122,40624.74,2.877049180327869
Lego City Kit,133,116,40340.76,3.2672413793103448
Leather Jacket,198,129,40082.0,3.0387596899224807
Wooden Coffee Table,80,120,39174.08,2.9916666666666667
Fruit Jam,102,128,38783.07,2.9609375
Puzzle Board,147,118,38048.58,2.8220338983050848
Recliner Sofa,105,121,37517.34,2.834710743801653
Laptop,143,123,37149.0,2.975609756097561
Slim Fit Jeans,122,121,36374.13,2.9008264462809916
Smartphone,200,113,35834.48,3.0442477876106193
Building Blocks Set,182,129,35828.52,2.7674418604651163
Tablet,21,107,35801.32,3.0186915887850465
Recliner Sofa,143,112,35107.38,2.732142857142857
